{
  "token_acc":0.9989979431,
  "token_p":0.9765015806,
  "token_r":0.9837579618,
  "token_f":0.9801163406,
  "sents_p":0.826625387,
  "sents_r":0.7416666667,
  "sents_f":0.7818448023,
  "spans_mood_p":0.7405063291,
  "spans_mood_r":0.65,
  "spans_mood_f":0.6923076923,
  "spans_mood_per_type":{
    "decl":{
      "p":0.7562724014,
      "r":0.7589928058,
      "f":0.7576301616
    },
    "sub":{
      "p":1.0,
      "r":0.0666666667,
      "f":0.125
    },
    "frag":{
      "p":0.3333333333,
      "r":0.1612903226,
      "f":0.2173913043
    },
    "multiple":{
      "p":0.0,
      "r":0.0,
      "f":0.0
    },
    "intj":{
      "p":1.0,
      "r":0.5,
      "f":0.6666666667
    },
    "ger":{
      "p":0.0,
      "r":0.0,
      "f":0.0
    },
    "imp":{
      "p":0.875,
      "r":0.6666666667,
      "f":0.7567567568
    },
    "other":{
      "p":0.0,
      "r":0.0,
      "f":0.0
    },
    "inf":{
      "p":0.0,
      "r":0.0,
      "f":0.0
    },
    "wh":{
      "p":0.0,
      "r":0.0,
      "f":0.0
    },
    "q":{
      "p":0.6666666667,
      "r":1.0,
      "f":0.8
    }
  },
  "speed":107993.8996305834
}